,Gender identity different from sex registered at birth,Gender identity the same as sex registered at birth,Not answered
"A, B, D, E Agriculture, energy and water",0.012162958825902138,0.020364078075567192,0.019474833187385143
C Manufacturing,0.07135654224456235,0.07618840329045486,0.08096315648572235
F Construction,0.07929969902882497,0.08653112289964071,0.08935003841569189
"G, I Distribution, hotels and restaurants",0.2543594278444879,0.19724610899270967,0.22166180696677096
"H, J Transport and communication",0.11247634118340624,0.09526094536217165,0.10787300403455453
"K, L, M, N Financial, real estate, professional and administrative activities",0.14750690372025194,0.17178647137736697,0.16837971390285292
"O, P, Q Public administration, education and health",0.26672406838561546,0.3070871648603221,0.26726656572420654
"R, S, T, U Other",0.05611405876694902,0.045535705141766865,0.04503088128281567
